{"cameraMode":{"drawMode":0,"name":"Shaded","section":"Shading Mode"},"sceneLighting":false,"audioPlay":false,"sceneViewState":{"showFog":false,"showMaterialUpdate":false,"showSkybox":false,"showFlares":false,"showImageEffects":false,"showParticleSystems":false},"in2DMode":false,"pivot":{"x":4.115653038024902,"y":49.78133010864258,"z":27.861305236816408},"rotation":{"x":-0.4731275737285614,"y":0.5258902907371521,"z":-0.4771207273006439,"w":-0.5214943289756775},"size":10.507786750793457,"orthographic":false}